<?xml version="1.0" encoding="UTF-8"?>
<export version="D">
  <design>
    <source>C:\Users\kylej\Documents\KiCad\Batteryboard\Batteryboard.sch</source>
    <date>9/15/2019 8:15:02 PM</date>
    <tool>Eeschema (5.1.4)-1</tool>
    <sheet number="1" name="/" tstamps="/">
      <title_block>
        <title/>
        <company/>
        <rev/>
        <date/>
        <source>Batteryboard.sch</source>
        <comment number="1" value=""/>
        <comment number="2" value=""/>
        <comment number="3" value=""/>
        <comment number="4" value=""/>
      </title_block>
    </sheet>
  </design>
  <components>
    <comp ref="U2">
      <value>TPS65286RHDR</value>
      <footprint>RHD28_3P15X3P15</footprint>
      <libsource lib="TPS65286RHDR" part="TPS65286RHDR" description=""/>
      <sheetpath names="/" tstamps="/"/>
      <tstamp>5D7AC33C</tstamp>
    </comp>
    <comp ref="R17">
      <value>10Ohm</value>
      <datasheet>~</datasheet>
      <libsource lib="Device" part="R_US" description="Resistor, US symbol"/>
      <sheetpath names="/" tstamps="/"/>
      <tstamp>5D8D7DBB</tstamp>
    </comp>
    <comp ref="C7">
      <value>1uF</value>
      <datasheet>~</datasheet>
      <libsource lib="Device" part="CP1" description="Polarized capacitor, US symbol"/>
      <sheetpath names="/" tstamps="/"/>
      <tstamp>5D8DCD6A</tstamp>
    </comp>
    <comp ref="C8">
      <value>10uF</value>
      <datasheet>~</datasheet>
      <libsource lib="Device" part="CP1" description="Polarized capacitor, US symbol"/>
      <sheetpath names="/" tstamps="/"/>
      <tstamp>5D8F627D</tstamp>
    </comp>
    <comp ref="C9">
      <value>10uF</value>
      <datasheet>~</datasheet>
      <libsource lib="Device" part="CP1" description="Polarized capacitor, US symbol"/>
      <sheetpath names="/" tstamps="/"/>
      <tstamp>5D8F7353</tstamp>
    </comp>
    <comp ref="R19">
      <value>1kOhm</value>
      <datasheet>~</datasheet>
      <libsource lib="Device" part="R_US" description="Resistor, US symbol"/>
      <sheetpath names="/" tstamps="/"/>
      <tstamp>5D914969</tstamp>
    </comp>
    <comp ref="Q3">
      <value>Q_PMOS_DGS</value>
      <datasheet>~</datasheet>
      <libsource lib="Device" part="Q_PMOS_DGS" description="P-MOSFET transistor, drain/gate/source"/>
      <sheetpath names="/" tstamps="/"/>
      <tstamp>5D915B8F</tstamp>
    </comp>
    <comp ref="R15">
      <value>100kOhm</value>
      <datasheet>~</datasheet>
      <libsource lib="Device" part="R_US" description="Resistor, US symbol"/>
      <sheetpath names="/" tstamps="/"/>
      <tstamp>5D922447</tstamp>
    </comp>
    <comp ref="Q4">
      <value>Q_NMOS_DGS</value>
      <datasheet>~</datasheet>
      <libsource lib="Device" part="Q_NMOS_DGS" description="N-MOSFET transistor, drain/gate/source"/>
      <sheetpath names="/" tstamps="/"/>
      <tstamp>5D92EF1D</tstamp>
    </comp>
    <comp ref="Q5">
      <value>Q_NMOS_DGS</value>
      <datasheet>~</datasheet>
      <libsource lib="Device" part="Q_NMOS_DGS" description="N-MOSFET transistor, drain/gate/source"/>
      <sheetpath names="/" tstamps="/"/>
      <tstamp>5D945B50</tstamp>
    </comp>
    <comp ref="C3">
      <value>0.1uF</value>
      <datasheet>~</datasheet>
      <libsource lib="Device" part="C" description="Unpolarized capacitor"/>
      <sheetpath names="/" tstamps="/"/>
      <tstamp>5D8BF1E0</tstamp>
    </comp>
    <comp ref="RAC1">
      <value>R_US</value>
      <datasheet>~</datasheet>
      <libsource lib="Device" part="R_US" description="Resistor, US symbol"/>
      <sheetpath names="/" tstamps="/"/>
      <tstamp>5D8BA74D</tstamp>
    </comp>
    <comp ref="C2">
      <value>0.1uF</value>
      <datasheet>~</datasheet>
      <libsource lib="Device" part="C" description="Unpolarized capacitor"/>
      <sheetpath names="/" tstamps="/"/>
      <tstamp>5D8B1BB5</tstamp>
    </comp>
    <comp ref="R20">
      <value>2Ohm</value>
      <datasheet>~</datasheet>
      <libsource lib="Device" part="R_US" description="Resistor, US symbol"/>
      <sheetpath names="/" tstamps="/"/>
      <tstamp>5D8AD673</tstamp>
    </comp>
    <comp ref="R18">
      <value>1kOhm</value>
      <datasheet>~</datasheet>
      <libsource lib="Device" part="R_US" description="Resistor, US symbol"/>
      <sheetpath names="/" tstamps="/"/>
      <tstamp>5D8A6762</tstamp>
    </comp>
    <comp ref="C14">
      <value>0.1uF</value>
      <datasheet>~</datasheet>
      <libsource lib="Device" part="C" description="Unpolarized capacitor"/>
      <sheetpath names="/" tstamps="/"/>
      <tstamp>5D89C40F</tstamp>
    </comp>
    <comp ref="R14">
      <value>100kOhm</value>
      <datasheet>~</datasheet>
      <libsource lib="Device" part="R_US" description="Resistor, US symbol"/>
      <sheetpath names="/" tstamps="/"/>
      <tstamp>5D89B5AA</tstamp>
    </comp>
    <comp ref="Q2">
      <value>Q_PMOS_DGS</value>
      <datasheet>~</datasheet>
      <libsource lib="Device" part="Q_PMOS_DGS" description="P-MOSFET transistor, drain/gate/source"/>
      <sheetpath names="/" tstamps="/"/>
      <tstamp>5D8832FC</tstamp>
    </comp>
    <comp ref="Q1">
      <value>Q_PMOS_DGS</value>
      <datasheet>~</datasheet>
      <libsource lib="Device" part="Q_PMOS_DGS" description="P-MOSFET transistor, drain/gate/source"/>
      <sheetpath names="/" tstamps="/"/>
      <tstamp>5D87C138</tstamp>
    </comp>
    <comp ref="U1">
      <value>BQ24617RGET</value>
      <footprint>RGE24_2P45X2P45</footprint>
      <libsource lib="BQ24617RGET" part="BQ24617RGET" description=""/>
      <sheetpath names="/" tstamps="/"/>
      <tstamp>5D8442B6</tstamp>
    </comp>
    <comp ref="C4">
      <value>1uF</value>
      <datasheet>~</datasheet>
      <libsource lib="Device" part="CP1" description="Polarized capacitor, US symbol"/>
      <sheetpath names="/" tstamps="/"/>
      <tstamp>5DB16F0A</tstamp>
    </comp>
    <comp ref="R16">
      <value>100Ohm</value>
      <datasheet>~</datasheet>
      <libsource lib="Device" part="R_US" description="Resistor, US symbol"/>
      <sheetpath names="/" tstamps="/"/>
      <tstamp>5DAD36A3</tstamp>
    </comp>
    <comp ref="R10">
      <value>R_US</value>
      <datasheet>~</datasheet>
      <libsource lib="Device" part="R_US" description="Resistor, US symbol"/>
      <sheetpath names="/" tstamps="/"/>
      <tstamp>5DA7C442</tstamp>
    </comp>
    <comp ref="R9">
      <value>R_US</value>
      <datasheet>~</datasheet>
      <libsource lib="Device" part="R_US" description="Resistor, US symbol"/>
      <sheetpath names="/" tstamps="/"/>
      <tstamp>5D96B314</tstamp>
    </comp>
    <comp ref="C1">
      <value>0.1uF</value>
      <datasheet>~</datasheet>
      <libsource lib="Device" part="C" description="Unpolarized capacitor"/>
      <sheetpath names="/" tstamps="/"/>
      <tstamp>5DAFF1C0</tstamp>
    </comp>
    <comp ref="TH1">
      <value>Thermistor_NTC</value>
      <datasheet>~</datasheet>
      <libsource lib="Device" part="Thermistor_NTC" description="Temperature dependent resistor, negative temperature coefficient"/>
      <sheetpath names="/" tstamps="/"/>
      <tstamp>5DAA5C75</tstamp>
    </comp>
    <comp ref="CTTC1">
      <value>CP1</value>
      <datasheet>~</datasheet>
      <libsource lib="Device" part="CP1" description="Polarized capacitor, US symbol"/>
      <sheetpath names="/" tstamps="/"/>
      <tstamp>5DBB797A</tstamp>
    </comp>
    <comp ref="D1">
      <value>D_Schottky</value>
      <datasheet>~</datasheet>
      <libsource lib="Device" part="D_Schottky" description="Schottky diode"/>
      <sheetpath names="/" tstamps="/"/>
      <tstamp>5DBE0454</tstamp>
    </comp>
    <comp ref="C5">
      <value>1uF</value>
      <datasheet>~</datasheet>
      <libsource lib="Device" part="CP1" description="Polarized capacitor, US symbol"/>
      <sheetpath names="/" tstamps="/"/>
      <tstamp>5DBF9A85</tstamp>
    </comp>
    <comp ref="C6">
      <value>0.1uF</value>
      <datasheet>~</datasheet>
      <libsource lib="Device" part="C" description="Unpolarized capacitor"/>
      <sheetpath names="/" tstamps="/"/>
      <tstamp>5DC078EF</tstamp>
    </comp>
    <comp ref="L1">
      <value>L</value>
      <datasheet>~</datasheet>
      <libsource lib="Device" part="L" description="Inductor"/>
      <sheetpath names="/" tstamps="/"/>
      <tstamp>5DC4E419</tstamp>
    </comp>
    <comp ref="RSR1">
      <value>R_US</value>
      <datasheet>~</datasheet>
      <libsource lib="Device" part="R_US" description="Resistor, US symbol"/>
      <sheetpath names="/" tstamps="/"/>
      <tstamp>5DC5DC63</tstamp>
    </comp>
    <comp ref="C11">
      <value>0.1uF</value>
      <datasheet>~</datasheet>
      <libsource lib="Device" part="C" description="Unpolarized capacitor"/>
      <sheetpath names="/" tstamps="/"/>
      <tstamp>5DCBF6C4</tstamp>
    </comp>
    <comp ref="C10">
      <value>0.1uF</value>
      <datasheet>~</datasheet>
      <libsource lib="Device" part="C" description="Unpolarized capacitor"/>
      <sheetpath names="/" tstamps="/"/>
      <tstamp>5DCDF176</tstamp>
    </comp>
    <comp ref="C12">
      <value>10uF</value>
      <datasheet>~</datasheet>
      <libsource lib="Device" part="CP1" description="Polarized capacitor, US symbol"/>
      <sheetpath names="/" tstamps="/"/>
      <tstamp>5DD9D640</tstamp>
    </comp>
    <comp ref="C13">
      <value>10uF</value>
      <datasheet>~</datasheet>
      <libsource lib="Device" part="CP1" description="Polarized capacitor, US symbol"/>
      <sheetpath names="/" tstamps="/"/>
      <tstamp>5DD9F0FB</tstamp>
    </comp>
    <comp ref="R2">
      <value>500kOhm</value>
      <datasheet>~</datasheet>
      <libsource lib="Device" part="R_US" description="Resistor, US symbol"/>
      <sheetpath names="/" tstamps="/"/>
      <tstamp>5DE5C04E</tstamp>
    </comp>
    <comp ref="CFF1">
      <value>C</value>
      <datasheet>~</datasheet>
      <libsource lib="Device" part="C" description="Unpolarized capacitor"/>
      <sheetpath names="/" tstamps="/"/>
      <tstamp>5DE6E418</tstamp>
    </comp>
    <comp ref="R1">
      <value>100kOhm</value>
      <datasheet>~</datasheet>
      <libsource lib="Device" part="R_US" description="Resistor, US symbol"/>
      <sheetpath names="/" tstamps="/"/>
      <tstamp>5DE92681</tstamp>
    </comp>
    <comp ref="R3">
      <value>100kOhm</value>
      <datasheet>~</datasheet>
      <libsource lib="Device" part="R_US" description="Resistor, US symbol"/>
      <sheetpath names="/" tstamps="/"/>
      <tstamp>5DF413A2</tstamp>
    </comp>
    <comp ref="R5">
      <value>100kOhm</value>
      <datasheet>~</datasheet>
      <libsource lib="Device" part="R_US" description="Resistor, US symbol"/>
      <sheetpath names="/" tstamps="/"/>
      <tstamp>5DF42856</tstamp>
    </comp>
    <comp ref="R7">
      <value>100kOhm</value>
      <datasheet>~</datasheet>
      <libsource lib="Device" part="R_US" description="Resistor, US symbol"/>
      <sheetpath names="/" tstamps="/"/>
      <tstamp>5DF42D6B</tstamp>
    </comp>
    <comp ref="R6">
      <value>R_US</value>
      <datasheet>~</datasheet>
      <libsource lib="Device" part="R_US" description="Resistor, US symbol"/>
      <sheetpath names="/" tstamps="/"/>
      <tstamp>5DF80790</tstamp>
    </comp>
    <comp ref="R8">
      <value>R_US</value>
      <datasheet>~</datasheet>
      <libsource lib="Device" part="R_US" description="Resistor, US symbol"/>
      <sheetpath names="/" tstamps="/"/>
      <tstamp>5DF81CC9</tstamp>
    </comp>
    <comp ref="R11">
      <value>10kOhm</value>
      <datasheet>~</datasheet>
      <libsource lib="Device" part="R_US" description="Resistor, US symbol"/>
      <sheetpath names="/" tstamps="/"/>
      <tstamp>5E0D977A</tstamp>
    </comp>
    <comp ref="R12">
      <value>10kOhm</value>
      <datasheet>~</datasheet>
      <libsource lib="Device" part="R_US" description="Resistor, US symbol"/>
      <sheetpath names="/" tstamps="/"/>
      <tstamp>5E0DAEB0</tstamp>
    </comp>
    <comp ref="R13">
      <value>10kOhm</value>
      <datasheet>~</datasheet>
      <libsource lib="Device" part="R_US" description="Resistor, US symbol"/>
      <sheetpath names="/" tstamps="/"/>
      <tstamp>5E0DD781</tstamp>
    </comp>
    <comp ref="D2">
      <value>LED</value>
      <datasheet>~</datasheet>
      <libsource lib="Device" part="LED" description="Light emitting diode"/>
      <sheetpath names="/" tstamps="/"/>
      <tstamp>5E168104</tstamp>
    </comp>
    <comp ref="D3">
      <value>LED</value>
      <datasheet>~</datasheet>
      <libsource lib="Device" part="LED" description="Light emitting diode"/>
      <sheetpath names="/" tstamps="/"/>
      <tstamp>5E16B4BF</tstamp>
    </comp>
    <comp ref="D4">
      <value>LED</value>
      <datasheet>~</datasheet>
      <libsource lib="Device" part="LED" description="Light emitting diode"/>
      <sheetpath names="/" tstamps="/"/>
      <tstamp>5E16BD68</tstamp>
    </comp>
    <comp ref="C16">
      <value>2.2uF</value>
      <datasheet>~</datasheet>
      <libsource lib="Device" part="CP1" description="Polarized capacitor, US symbol"/>
      <sheetpath names="/" tstamps="/"/>
      <tstamp>5D82B9B5</tstamp>
    </comp>
    <comp ref="C15">
      <value>0.1uF</value>
      <datasheet>~</datasheet>
      <libsource lib="Device" part="C" description="Unpolarized capacitor"/>
      <sheetpath names="/" tstamps="/"/>
      <tstamp>5D923739</tstamp>
    </comp>
    <comp ref="R4">
      <value>R_US</value>
      <datasheet>~</datasheet>
      <libsource lib="Device" part="R_US" description="Resistor, US symbol"/>
      <sheetpath names="/" tstamps="/"/>
      <tstamp>5DF7F87C</tstamp>
    </comp>
    <comp ref="J1">
      <value>Conn_01x02_Male</value>
      <datasheet>~</datasheet>
      <libsource lib="Connector" part="Conn_01x02_Male" description="Generic connector, single row, 01x02, script generated (kicad-library-utils/schlib/autogen/connector/)"/>
      <sheetpath names="/" tstamps="/"/>
      <tstamp>5D8ABC77</tstamp>
    </comp>
    <comp ref="J2">
      <value>Conn_01x02_Male</value>
      <datasheet>~</datasheet>
      <libsource lib="Connector" part="Conn_01x02_Male" description="Generic connector, single row, 01x02, script generated (kicad-library-utils/schlib/autogen/connector/)"/>
      <sheetpath names="/" tstamps="/"/>
      <tstamp>5D8ACB27</tstamp>
    </comp>
  </components>
  <libparts>
    <libpart lib="BQ24617RGET" part="BQ24617RGET">
      <footprints>
        <fp>RGE24_2P45X2P45</fp>
      </footprints>
      <fields>
        <field name="Reference">U</field>
        <field name="Value">BQ24617RGET</field>
        <field name="Footprint">RGE24_2P45X2P45</field>
      </fields>
      <pins>
        <pin num="1" name="ACN" type="input"/>
        <pin num="2" name="ACP" type="input"/>
        <pin num="3" name="*ACDRV" type="input"/>
        <pin num="4" name="CE" type="input"/>
        <pin num="5" name="STAT1" type="input"/>
        <pin num="6" name="TS" type="input"/>
        <pin num="7" name="TTC" type="output"/>
        <pin num="8" name="*PG" type="input"/>
        <pin num="9" name="STAT2" type="input"/>
        <pin num="10" name="VREF" type="input"/>
        <pin num="11" name="ISET1" type="input"/>
        <pin num="12" name="VFB" type="output"/>
        <pin num="13" name="SRN" type="output"/>
        <pin num="14" name="SRP" type="output"/>
        <pin num="15" name="ISET2" type="input"/>
        <pin num="16" name="ACSET" type="input"/>
        <pin num="17" name="GND" type="power_in"/>
        <pin num="18" name="REGN" type="output"/>
        <pin num="19" name="LODRV" type="output"/>
        <pin num="20" name="PH" type="output"/>
        <pin num="21" name="HIDRV" type="output"/>
        <pin num="22" name="BTST" type="output"/>
        <pin num="23" name="*BATDRV" type="output"/>
        <pin num="24" name="VCC" type="power_in"/>
        <pin num="25" name="EPAD" type="power_in"/>
      </pins>
    </libpart>
    <libpart lib="Connector" part="Conn_01x02_Male">
      <description>Generic connector, single row, 01x02, script generated (kicad-library-utils/schlib/autogen/connector/)</description>
      <docs>~</docs>
      <footprints>
        <fp>Connector*:*_1x??_*</fp>
      </footprints>
      <fields>
        <field name="Reference">J</field>
        <field name="Value">Conn_01x02_Male</field>
      </fields>
      <pins>
        <pin num="1" name="Pin_1" type="passive"/>
        <pin num="2" name="Pin_2" type="passive"/>
      </pins>
    </libpart>
    <libpart lib="Device" part="C">
      <description>Unpolarized capacitor</description>
      <docs>~</docs>
      <footprints>
        <fp>C_*</fp>
      </footprints>
      <fields>
        <field name="Reference">C</field>
        <field name="Value">C</field>
      </fields>
      <pins>
        <pin num="1" name="~" type="passive"/>
        <pin num="2" name="~" type="passive"/>
      </pins>
    </libpart>
    <libpart lib="Device" part="CP1">
      <description>Polarized capacitor, US symbol</description>
      <docs>~</docs>
      <footprints>
        <fp>CP_*</fp>
      </footprints>
      <fields>
        <field name="Reference">C</field>
        <field name="Value">CP1</field>
      </fields>
      <pins>
        <pin num="1" name="~" type="passive"/>
        <pin num="2" name="~" type="passive"/>
      </pins>
    </libpart>
    <libpart lib="Device" part="D_Schottky">
      <description>Schottky diode</description>
      <docs>~</docs>
      <footprints>
        <fp>TO-???*</fp>
        <fp>*_Diode_*</fp>
        <fp>*SingleDiode*</fp>
        <fp>D_*</fp>
      </footprints>
      <fields>
        <field name="Reference">D</field>
        <field name="Value">D_Schottky</field>
      </fields>
      <pins>
        <pin num="1" name="K" type="passive"/>
        <pin num="2" name="A" type="passive"/>
      </pins>
    </libpart>
    <libpart lib="Device" part="L">
      <description>Inductor</description>
      <docs>~</docs>
      <footprints>
        <fp>Choke_*</fp>
        <fp>*Coil*</fp>
        <fp>Inductor_*</fp>
        <fp>L_*</fp>
      </footprints>
      <fields>
        <field name="Reference">L</field>
        <field name="Value">L</field>
      </fields>
      <pins>
        <pin num="1" name="1" type="passive"/>
        <pin num="2" name="2" type="passive"/>
      </pins>
    </libpart>
    <libpart lib="Device" part="LED">
      <description>Light emitting diode</description>
      <docs>~</docs>
      <footprints>
        <fp>LED*</fp>
        <fp>LED_SMD:*</fp>
        <fp>LED_THT:*</fp>
      </footprints>
      <fields>
        <field name="Reference">D</field>
        <field name="Value">LED</field>
      </fields>
      <pins>
        <pin num="1" name="K" type="passive"/>
        <pin num="2" name="A" type="passive"/>
      </pins>
    </libpart>
    <libpart lib="Device" part="Q_NMOS_DGS">
      <description>N-MOSFET transistor, drain/gate/source</description>
      <docs>~</docs>
      <fields>
        <field name="Reference">Q</field>
        <field name="Value">Q_NMOS_DGS</field>
      </fields>
      <pins>
        <pin num="1" name="D" type="passive"/>
        <pin num="2" name="G" type="input"/>
        <pin num="3" name="S" type="passive"/>
      </pins>
    </libpart>
    <libpart lib="Device" part="Q_PMOS_DGS">
      <description>P-MOSFET transistor, drain/gate/source</description>
      <docs>~</docs>
      <fields>
        <field name="Reference">Q</field>
        <field name="Value">Q_PMOS_DGS</field>
      </fields>
      <pins>
        <pin num="1" name="D" type="passive"/>
        <pin num="2" name="G" type="input"/>
        <pin num="3" name="S" type="passive"/>
      </pins>
    </libpart>
    <libpart lib="Device" part="R_US">
      <description>Resistor, US symbol</description>
      <docs>~</docs>
      <footprints>
        <fp>R_*</fp>
      </footprints>
      <fields>
        <field name="Reference">R</field>
        <field name="Value">R_US</field>
      </fields>
      <pins>
        <pin num="1" name="~" type="passive"/>
        <pin num="2" name="~" type="passive"/>
      </pins>
    </libpart>
    <libpart lib="Device" part="Thermistor_NTC">
      <description>Temperature dependent resistor, negative temperature coefficient</description>
      <docs>~</docs>
      <footprints>
        <fp>*NTC*</fp>
        <fp>*Thermistor*</fp>
        <fp>PIN?ARRAY*</fp>
        <fp>bornier*</fp>
        <fp>*Terminal?Block*</fp>
      </footprints>
      <fields>
        <field name="Reference">TH</field>
        <field name="Value">Thermistor_NTC</field>
      </fields>
      <pins>
        <pin num="1" name="~" type="passive"/>
        <pin num="2" name="~" type="passive"/>
      </pins>
    </libpart>
    <libpart lib="TPS65286RHDR" part="TPS65286RHDR">
      <footprints>
        <fp>RHD28_3P15X3P15</fp>
      </footprints>
      <fields>
        <field name="Reference">U</field>
        <field name="Value">TPS65286RHDR</field>
        <field name="Footprint">RHD28_3P15X3P15</field>
      </fields>
      <pins>
        <pin num="1" name="VIN" type="input"/>
        <pin num="2" name="VIN" type="input"/>
        <pin num="3" name="VIN" type="input"/>
        <pin num="4" name="PGND" type="power_in"/>
        <pin num="5" name="PGND" type="power_in"/>
        <pin num="6" name="PGND" type="power_in"/>
        <pin num="7" name="V7V" type="output"/>
        <pin num="8" name="MODE/SYNC" type="input"/>
        <pin num="9" name="EN" type="unspc"/>
        <pin num="10" name="SW_OUT2" type="output"/>
        <pin num="11" name="SW_OUT1" type="output"/>
        <pin num="12" name="SW_EN2" type="unspc"/>
        <pin num="13" name="SW_EN1" type="unspc"/>
        <pin num="14" name="NFAULT2" type="output"/>
        <pin num="15" name="NFAULT1" type="output"/>
        <pin num="16" name="SW_IN1" type="input"/>
        <pin num="17" name="SW_IN2" type="input"/>
        <pin num="18" name="BST" type="unspc"/>
        <pin num="19" name="LX" type="unspc"/>
        <pin num="20" name="LX" type="unspc"/>
        <pin num="21" name="LX" type="unspc"/>
        <pin num="22" name="SS" type="input"/>
        <pin num="23" name="FB" type="output"/>
        <pin num="24" name="COMP" type="output"/>
        <pin num="25" name="RLIM" type="unspc"/>
        <pin num="26" name="RSET1" type="unspc"/>
        <pin num="27" name="RSET2" type="unspc"/>
        <pin num="28" name="AGND" type="power_in"/>
        <pin num="29" name="EPAD" type="unspc"/>
      </pins>
    </libpart>
  </libparts>
  <libraries>
    <library logical="BQ24617RGET">
      <uri>C:/Users/kylej/Documents/KiCad/PDAMP/BQ24617RGET/2019-09-12_20-48-59/2019-09-12_20-48-59.lib</uri>
    </library>
    <library logical="Connector">
      <uri>C:\Program Files\KiCad\share\kicad\library/Connector.lib</uri>
    </library>
    <library logical="Device">
      <uri>C:\Program Files\KiCad\share\kicad\library/Device.lib</uri>
    </library>
    <library logical="TPS65286RHDR">
      <uri>C:/Users/kylej/Documents/KiCad/PDAMP/TPS65286RHDR/2019-09-12_19-31-47/2019-09-12_19-31-47.lib</uri>
    </library>
  </libraries>
  <nets>
    <net code="1" name="Net-(C11-Pad1)">
      <node ref="C13" pin="1"/>
      <node ref="C12" pin="1"/>
      <node ref="RSR1" pin="1"/>
      <node ref="Q3" pin="3"/>
      <node ref="C11" pin="1"/>
      <node ref="U1" pin="13"/>
      <node ref="CFF1" pin="1"/>
      <node ref="R2" pin="1"/>
      <node ref="J2" pin="2"/>
    </net>
    <net code="2" name="Net-(CFF1-Pad2)">
      <node ref="CFF1" pin="2"/>
      <node ref="U1" pin="12"/>
      <node ref="R2" pin="2"/>
      <node ref="R1" pin="1"/>
    </net>
    <net code="3" name="Net-(C6-Pad2)">
      <node ref="U1" pin="22"/>
      <node ref="C6" pin="2"/>
      <node ref="D1" pin="1"/>
    </net>
    <net code="4" name="Net-(C5-Pad1)">
      <node ref="D1" pin="2"/>
      <node ref="C5" pin="1"/>
      <node ref="U1" pin="18"/>
    </net>
    <net code="5" name="Net-(C10-Pad1)">
      <node ref="U1" pin="14"/>
      <node ref="L1" pin="2"/>
      <node ref="RSR1" pin="2"/>
      <node ref="C10" pin="1"/>
      <node ref="C11" pin="2"/>
    </net>
    <net code="6" name="Net-(D4-Pad1)">
      <node ref="U1" pin="8"/>
      <node ref="D4" pin="1"/>
    </net>
    <net code="7" name="GND">
      <node ref="J2" pin="1"/>
      <node ref="C1" pin="1"/>
      <node ref="R10" pin="1"/>
      <node ref="R4" pin="2"/>
      <node ref="J1" pin="2"/>
      <node ref="C16" pin="2"/>
      <node ref="TH1" pin="1"/>
      <node ref="R8" pin="2"/>
      <node ref="C9" pin="2"/>
      <node ref="C8" pin="2"/>
      <node ref="Q5" pin="3"/>
      <node ref="R6" pin="2"/>
      <node ref="C7" pin="2"/>
      <node ref="C4" pin="2"/>
      <node ref="C10" pin="2"/>
      <node ref="C2" pin="2"/>
      <node ref="R1" pin="2"/>
      <node ref="C5" pin="2"/>
      <node ref="CTTC1" pin="2"/>
      <node ref="U1" pin="17"/>
      <node ref="U1" pin="25"/>
      <node ref="C13" pin="2"/>
      <node ref="C12" pin="2"/>
    </net>
    <net code="8" name="Net-(D3-Pad1)">
      <node ref="D3" pin="1"/>
      <node ref="U1" pin="9"/>
    </net>
    <net code="9" name="Net-(D2-Pad1)">
      <node ref="D2" pin="1"/>
      <node ref="U1" pin="5"/>
    </net>
    <net code="10" name="Net-(D4-Pad2)">
      <node ref="D4" pin="2"/>
      <node ref="R13" pin="1"/>
    </net>
    <net code="11" name="Net-(D3-Pad2)">
      <node ref="D3" pin="2"/>
      <node ref="R12" pin="1"/>
    </net>
    <net code="12" name="Net-(C15-Pad1)">
      <node ref="Q3" pin="1"/>
      <node ref="Q4" pin="1"/>
      <node ref="R15" pin="1"/>
      <node ref="C9" pin="1"/>
      <node ref="C8" pin="1"/>
      <node ref="C3" pin="1"/>
      <node ref="U1" pin="1"/>
      <node ref="RAC1" pin="1"/>
      <node ref="C15" pin="1"/>
    </net>
    <net code="13" name="Net-(D2-Pad2)">
      <node ref="D2" pin="2"/>
      <node ref="R11" pin="1"/>
    </net>
    <net code="14" name="Net-(C16-Pad1)">
      <node ref="C16" pin="1"/>
      <node ref="R20" pin="2"/>
    </net>
    <net code="15" name="Net-(R5-Pad2)">
      <node ref="R5" pin="2"/>
      <node ref="U1" pin="15"/>
      <node ref="R6" pin="1"/>
    </net>
    <net code="16" name="Net-(R7-Pad2)">
      <node ref="R7" pin="2"/>
      <node ref="U1" pin="11"/>
      <node ref="R8" pin="1"/>
    </net>
    <net code="17" name="Net-(CTTC1-Pad1)">
      <node ref="CTTC1" pin="1"/>
      <node ref="U1" pin="7"/>
    </net>
    <net code="18" name="Net-(R3-Pad2)">
      <node ref="R4" pin="1"/>
      <node ref="U1" pin="16"/>
      <node ref="R3" pin="2"/>
    </net>
    <net code="19" name="Net-(C6-Pad1)">
      <node ref="U1" pin="20"/>
      <node ref="Q5" pin="1"/>
      <node ref="Q4" pin="3"/>
      <node ref="L1" pin="1"/>
      <node ref="C6" pin="1"/>
    </net>
    <net code="20" name="Net-(Q5-Pad2)">
      <node ref="U1" pin="19"/>
      <node ref="Q5" pin="2"/>
    </net>
    <net code="21" name="Net-(Q4-Pad2)">
      <node ref="U1" pin="21"/>
      <node ref="Q4" pin="2"/>
    </net>
    <net code="22" name="Net-(C15-Pad2)">
      <node ref="R15" pin="2"/>
      <node ref="C15" pin="2"/>
      <node ref="Q3" pin="2"/>
      <node ref="R19" pin="1"/>
    </net>
    <net code="23" name="Net-(U2-Pad16)">
      <node ref="U2" pin="16"/>
    </net>
    <net code="24" name="Net-(C7-Pad1)">
      <node ref="R17" pin="1"/>
      <node ref="U1" pin="24"/>
      <node ref="C7" pin="1"/>
    </net>
    <net code="25" name="Net-(U2-Pad29)">
      <node ref="U2" pin="29"/>
    </net>
    <net code="26" name="Net-(U2-Pad28)">
      <node ref="U2" pin="28"/>
    </net>
    <net code="27" name="Net-(U2-Pad27)">
      <node ref="U2" pin="27"/>
    </net>
    <net code="28" name="Net-(U2-Pad26)">
      <node ref="U2" pin="26"/>
    </net>
    <net code="29" name="Net-(U2-Pad25)">
      <node ref="U2" pin="25"/>
    </net>
    <net code="30" name="Net-(U2-Pad24)">
      <node ref="U2" pin="24"/>
    </net>
    <net code="31" name="Net-(U2-Pad23)">
      <node ref="U2" pin="23"/>
    </net>
    <net code="32" name="Net-(U2-Pad22)">
      <node ref="U2" pin="22"/>
    </net>
    <net code="33" name="Net-(U2-Pad21)">
      <node ref="U2" pin="21"/>
    </net>
    <net code="34" name="Net-(U2-Pad20)">
      <node ref="U2" pin="20"/>
    </net>
    <net code="35" name="Net-(U2-Pad19)">
      <node ref="U2" pin="19"/>
    </net>
    <net code="36" name="Net-(U2-Pad18)">
      <node ref="U2" pin="18"/>
    </net>
    <net code="37" name="Net-(U2-Pad17)">
      <node ref="U2" pin="17"/>
    </net>
    <net code="38" name="Net-(U2-Pad15)">
      <node ref="U2" pin="15"/>
    </net>
    <net code="39" name="Net-(U2-Pad14)">
      <node ref="U2" pin="14"/>
    </net>
    <net code="40" name="Net-(U2-Pad13)">
      <node ref="U2" pin="13"/>
    </net>
    <net code="41" name="Net-(U2-Pad12)">
      <node ref="U2" pin="12"/>
    </net>
    <net code="42" name="Net-(U2-Pad11)">
      <node ref="U2" pin="11"/>
    </net>
    <net code="43" name="Net-(U2-Pad10)">
      <node ref="U2" pin="10"/>
    </net>
    <net code="44" name="Net-(U2-Pad9)">
      <node ref="U2" pin="9"/>
    </net>
    <net code="45" name="Net-(U2-Pad8)">
      <node ref="U2" pin="8"/>
    </net>
    <net code="46" name="Net-(U2-Pad7)">
      <node ref="U2" pin="7"/>
    </net>
    <net code="47" name="Net-(U2-Pad6)">
      <node ref="U2" pin="6"/>
    </net>
    <net code="48" name="Net-(U2-Pad5)">
      <node ref="U2" pin="5"/>
    </net>
    <net code="49" name="Net-(U2-Pad4)">
      <node ref="U2" pin="4"/>
    </net>
    <net code="50" name="Net-(U2-Pad3)">
      <node ref="U2" pin="3"/>
    </net>
    <net code="51" name="Net-(U2-Pad2)">
      <node ref="U2" pin="2"/>
    </net>
    <net code="52" name="Net-(R19-Pad2)">
      <node ref="R19" pin="2"/>
      <node ref="U1" pin="23"/>
    </net>
    <net code="53" name="Net-(R18-Pad1)">
      <node ref="U1" pin="3"/>
      <node ref="R18" pin="1"/>
    </net>
    <net code="54" name="Net-(C1-Pad2)">
      <node ref="R16" pin="1"/>
      <node ref="C1" pin="2"/>
      <node ref="U1" pin="6"/>
    </net>
    <net code="55" name="Net-(C2-Pad1)">
      <node ref="U1" pin="2"/>
      <node ref="Q2" pin="1"/>
      <node ref="C3" pin="2"/>
      <node ref="C2" pin="1"/>
      <node ref="RAC1" pin="2"/>
    </net>
    <net code="56" name="Net-(C4-Pad1)">
      <node ref="R9" pin="2"/>
      <node ref="U1" pin="4"/>
      <node ref="R7" pin="1"/>
      <node ref="R5" pin="1"/>
      <node ref="R3" pin="1"/>
      <node ref="U1" pin="10"/>
      <node ref="C4" pin="1"/>
    </net>
    <net code="57" name="Net-(R10-Pad2)">
      <node ref="R16" pin="2"/>
      <node ref="TH1" pin="2"/>
      <node ref="R9" pin="1"/>
      <node ref="R10" pin="2"/>
    </net>
    <net code="58" name="Net-(J1-Pad1)">
      <node ref="J1" pin="1"/>
      <node ref="R20" pin="1"/>
      <node ref="R11" pin="2"/>
      <node ref="Q1" pin="1"/>
      <node ref="R13" pin="2"/>
      <node ref="R12" pin="2"/>
    </net>
    <net code="59" name="Net-(C14-Pad1)">
      <node ref="Q1" pin="3"/>
      <node ref="Q2" pin="3"/>
      <node ref="R14" pin="1"/>
      <node ref="C14" pin="1"/>
      <node ref="R17" pin="2"/>
    </net>
    <net code="60" name="Net-(C14-Pad2)">
      <node ref="Q1" pin="2"/>
      <node ref="Q2" pin="2"/>
      <node ref="R14" pin="2"/>
      <node ref="C14" pin="2"/>
      <node ref="R18" pin="2"/>
    </net>
    <net code="61" name="Net-(U2-Pad1)">
      <node ref="U2" pin="1"/>
    </net>
  </nets>
</export>
